city,neighborhood,rooms,price_mean,sq_m_mean,count,price_per_sq_m
גבעתיים,ארלוזורוב,1.5,3800.0,35.0,1,108.57142857142857
גבעתיים,ארלוזורוב,2.0,5033.333333333333,64.0,3,78.64583333333333
גבעתיים,ארלוזורוב,2.5,5600.0,77.33333333333333,3,72.41379310344828
גבעתיים,ארלוזורוב,3.0,7353.846153846154,81.6923076923077,13,90.01883239171376
גבעתיים,ארלוזורוב,3.5,5400.0,80.66666666666667,3,66.94214876033057
גבעתיים,ארלוזורוב,4.0,7618.75,108.0,8,70.54398148148148
גבעתיים,ארלוזורוב,5.0,9750.0,140.0,1,69.64285714285714
גבעתיים,בורוכוב,1.5,4990.0,40.0,1,124.75
גבעתיים,בורוכוב,2.0,4433.333333333333,39.0,3,113.67521367521367
גבעתיים,בורוכוב,2.5,6000.0,68.33333333333333,3,87.8048780487805
גבעתיים,בורוכוב,3.0,7057.142857142857,79.71428571428571,7,88.5304659498208
גבעתיים,בורוכוב,3.5,3800.0,102.33333333333333,3,37.13355048859935
גבעתיים,בורוכוב,4.0,7921.357142857143,111.0,14,71.36357786357786
גבעתיים,בורוכוב,4.5,8500.0,115.0,1,73.91304347826087
גבעתיים,בורוכוב,5.0,11800.0,178.0,4,66.29213483146067
גבעתיים,בורוכוב,7.0,10900.0,110.0,1,99.0909090909091
גבעתיים,בורוכוב,7.5,12400.0,240.0,1,51.666666666666664
גבעתיים,גבעת הרמבם,1.0,2750.0,59.0,2,46.610169491525426
גבעתיים,גבעת הרמבם,1.5,3600.0,32.0,1,112.5
גבעתיים,גבעת הרמבם,2.0,5394.444444444444,53.666666666666664,9,100.51759834368531
גבעתיים,גבעת הרמבם,2.5,5175.0,64.0,4,80.859375
גבעתיים,גבעת הרמבם,3.0,6233.333333333333,91.33333333333333,3,68.24817518248175
גבעתיים,גבעת הרמבם,3.5,6700.0,104.0,1,64.42307692307692
גבעתיים,גבעת הרמבם,4.0,7545.454545454545,101.81818181818181,11,74.10714285714286
גבעתיים,גבעת הרמבם,5.0,11000.0,123.0,1,89.4308943089431
גבעתיים,גבעת קוזלובסקי,2.0,4500.0,50.0,1,90.0
גבעתיים,גבעת קוזלובסקי,4.0,8300.0,110.0,1,75.45454545454545
גבעתיים,"הל""ה",1.0,3450.0,33.0,1,104.54545454545455
גבעתיים,"הל""ה",2.5,5940.0,66.6,5,89.1891891891892
גבעתיים,"הל""ה",3.0,6050.0,78.25,4,77.31629392971246
גבעתיים,"הל""ה",3.5,6550.0,85.0,2,77.05882352941177
גבעתיים,"הל""ה",4.0,6825.0,93.0,4,73.38709677419355
גבעתיים,"הל""ה",5.0,0.0,120.0,1,0.0
גבעתיים,חברת חשמל,1.0,3800.0,30.0,1,126.66666666666667
גבעתיים,חברת חשמל,2.0,5500.0,60.0,1,91.66666666666667
גבעתיים,חברת חשמל,3.0,6100.0,67.5,2,90.37037037037037
גבעתיים,חברת חשמל,3.5,6100.0,100.0,1,61.0
גבעתיים,חברת חשמל,4.0,5166.666666666667,100.0,3,51.66666666666667
גבעתיים,סיטי,2.0,7800.0,54.333333333333336,3,143.55828220858896
גבעתיים,סיטי,3.0,9350.0,100.5,4,93.03482587064677
גבעתיים,סיטי,4.0,8950.0,110.5,2,80.99547511312217
גבעתיים,סיטי,5.0,11608.333333333334,146.16666666666666,12,79.41847206385405
גבעתיים,פועלי הרכבת,1.0,2650.0,15.5,2,170.96774193548387
גבעתיים,פועלי הרכבת,2.0,4800.0,60.0,1,80.0
גבעתיים,פועלי הרכבת,2.5,5000.0,80.0,1,62.5
גבעתיים,פועלי הרכבת,3.0,4728.333333333333,80.66666666666667,3,58.615702479338836
גבעתיים,פועלי הרכבת,3.5,4766.666666666667,104.33333333333333,3,45.68690095846646
גבעתיים,פועלי הרכבת,4.0,6666.666666666667,115.66666666666667,3,57.636887608069166
גבעתיים,פועלי הרכבת,4.5,8000.0,112.0,1,71.42857142857143
גבעתיים,פועלי הרכבת,5.0,10395.0,132.0,2,78.75
גבעתיים,קרית יוסף,3.0,4400.0,87.5,2,50.285714285714285
גבעתיים,קרית יוסף,3.5,8900.0,90.0,1,98.88888888888889
גבעתיים,קרית יוסף,4.0,7250.0,95.0,2,76.3157894736842
גבעתיים,שטח 9,4.0,10750.0,162.5,2,66.15384615384616
גבעתיים,שטח 9,5.0,5420.0,122.5,2,44.244897959183675
גבעתיים,שטח 9,6.0,0.0,152.0,1,0.0
גבעתיים,שינקין,1.0,2466.6666666666665,38.666666666666664,3,63.793103448275865
גבעתיים,שינקין,1.5,3500.0,20.0,1,175.0
גבעתיים,שינקין,2.0,4933.333333333333,53.666666666666664,9,91.92546583850931
גבעתיים,שינקין,2.5,5558.888888888889,66.11111111111111,9,84.08403361344537
גבעתיים,שינקין,3.0,5697.105263157895,72.52631578947368,19,78.5522496371553
גבעתיים,שינקין,3.5,6500.0,77.0,1,84.41558441558442
גבעתיים,שינקין,4.0,5340.0,103.0,5,51.84466019417476
גבעתיים,תל גנים,2.0,4800.0,50.0,1,96.0
גבעתיים,תל גנים,3.0,5225.0,71.0,4,73.59154929577464
גבעתיים,תל גנים,4.0,6255.555555555556,99.55555555555556,9,62.83482142857143
גבעתיים,תל גנים,4.5,5000.0,94.0,1,53.191489361702125
גבעתיים,תל גנים,5.0,5990.0,109.0,1,54.95412844036697
רמת גן,אזור הבילויים,1.0,2875.0,22.5,2,127.77777777777777
רמת גן,אזור הבילויים,1.5,3500.0,38.0,1,92.10526315789474
רמת גן,אזור הבילויים,2.0,4700.0,70.75,8,66.43109540636043
רמת גן,אזור הבילויים,3.0,7850.0,77.0,1,101.94805194805195
רמת גן,אזור הבילויים,3.5,5900.0,79.2,5,74.4949494949495
רמת גן,אזור הבילויים,4.0,7440.0,99.8,15,74.54909819639279
רמת גן,אזור הבילויים,4.5,5625.0,102.5,2,54.8780487804878
רמת גן,אזור הבילויים,5.0,5400.0,132.5,2,40.75471698113208
רמת גן,אזור הבילויים,5.5,7200.0,132.0,1,54.54545454545455
רמת גן,בורסה,1.0,3800.0,26.666666666666668,3,142.5
רמת גן,בורסה,1.5,4133.333333333333,33.333333333333336,3,123.99999999999999
רמת גן,בורסה,2.0,6296.666666666667,54.6,15,115.32356532356533
רמת גן,בורסה,2.5,8000.0,70.0,1,114.28571428571429
רמת גן,בורסה,3.0,7472.636363636364,92.27272727272727,11,80.98423645320197
רמת גן,בורסה,4.0,21000.0,280.0,1,75.0
רמת גן,גבעת גאולה,2.0,4000.0,40.0,1,100.0
רמת גן,חרוזים,1.0,5500.0,30.0,1,183.33333333333334
רמת גן,חרוזים,2.0,4700.0,60.0,1,78.33333333333333
רמת גן,חרוזים,3.0,6893.333333333333,82.0,3,84.0650406504065
רמת גן,חרוזים,3.5,7150.0,100.0,1,71.5
רמת גן,חרוזים,4.0,7008.333333333333,99.16666666666667,12,70.67226890756302
רמת גן,חרוזים,4.5,11000.0,125.0,1,88.0
רמת גן,חרוזים,5.0,11875.0,130.75,4,90.82217973231357
רמת גן,חרוזים,5.5,12200.0,165.0,1,73.93939393939394
רמת גן,יד לבנים,1.0,2800.0,19.333333333333332,3,144.82758620689657
רמת גן,יד לבנים,1.5,3950.0,50.0,1,79.0
רמת גן,יד לבנים,2.0,4430.0,54.0,5,82.03703703703704
רמת גן,יד לבנים,2.5,5000.0,63.5,2,78.74015748031496
רמת גן,יד לבנים,3.0,5083.333333333333,70.33333333333333,6,72.27488151658768
רמת גן,יד לבנים,3.5,6166.666666666667,86.66666666666667,3,71.15384615384616
רמת גן,יד לבנים,4.0,8250.0,135.5,2,60.88560885608856
רמת גן,יד לבנים,4.5,7000.0,120.0,1,58.333333333333336
רמת גן,"כפר אז""ר",3.0,6700.0,94.0,1,71.27659574468085
רמת גן,"כפר אז""ר",5.0,8500.0,122.0,1,69.67213114754098
רמת גן,"מרום נווה, רמת יצחק",1.0,2900.0,27.0,1,107.4074074074074
רמת גן,"מרום נווה, רמת יצחק",1.5,4100.0,37.0,1,110.8108108108108
רמת גן,"מרום נווה, רמת יצחק",2.0,4050.0,38.5,2,105.1948051948052
רמת גן,"מרום נווה, רמת יצחק",2.5,5500.0,95.0,1,57.89473684210526
רמת גן,"מרום נווה, רמת יצחק",3.0,5106.25,80.75,8,63.23529411764706
רמת גן,"מרום נווה, רמת יצחק",3.5,4233.333333333333,84.33333333333333,3,50.19762845849802
רמת גן,"מרום נווה, רמת יצחק",4.0,5869.2307692307695,100.15384615384616,13,58.60215053763441
רמת גן,"מרום נווה, רמת יצחק",4.5,8666.666666666666,125.0,3,69.33333333333333
רמת גן,"מרום נווה, רמת יצחק",5.0,9100.0,118.5,2,76.79324894514768
רמת גן,"מרום נווה, רמת יצחק",6.0,9000.0,115.0,1,78.26086956521739
רמת גן,נגבה,1.0,2700.0,20.0,1,135.0
רמת גן,נגבה,2.0,4000.0,42.5,2,94.11764705882354
רמת גן,נגבה,2.5,5000.0,63.333333333333336,3,78.94736842105263
רמת גן,נגבה,3.0,6630.0,77.93333333333334,15,85.07271171941831
רמת גן,נגבה,3.5,5757.142857142857,102.85714285714286,7,55.972222222222214
רמת גן,נגבה,4.0,7872.727272727273,101.18181818181819,11,77.80772686433063
רמת גן,נגבה,5.0,8633.333333333334,133.33333333333334,3,64.75
רמת גן,"נווה יהושע, ערמונים",1.0,3050.0,57.0,4,53.50877192982456
רמת גן,"נווה יהושע, ערמונים",2.0,4887.5,67.5,4,72.4074074074074
רמת גן,"נווה יהושע, ערמונים",3.0,5793.75,74.75,8,77.50836120401338
רמת גן,"נווה יהושע, ערמונים",4.0,5616.666666666667,99.16666666666667,6,56.63865546218487
רמת גן,"נווה יהושע, ערמונים",4.5,7425.0,125.0,2,59.4
רמת גן,"נווה יהושע, ערמונים",5.0,6291.666666666667,148.0,6,42.51126126126126
רמת גן,"נווה יהושע, ערמונים",6.0,12000.0,120.0,1,100.0
רמת גן,"נווה רם, שיכון מזרחי",1.0,3000.0,150.0,1,20.0
רמת גן,"נווה רם, שיכון מזרחי",1.5,3400.0,25.0,1,136.0
רמת גן,"נווה רם, שיכון מזרחי",2.0,4166.666666666667,58.333333333333336,3,71.42857142857143
רמת גן,"נווה רם, שיכון מזרחי",2.5,4400.0,60.0,2,73.33333333333333
רמת גן,"נווה רם, שיכון מזרחי",3.0,4591.666666666667,65.0,6,70.64102564102565
רמת גן,"נווה רם, שיכון מזרחי",3.5,5500.0,85.5,6,64.32748538011695
רמת גן,"נווה רם, שיכון מזרחי",4.0,6616.666666666667,112.0,6,59.077380952380956
רמת גן,נחלת גנים,1.0,2700.0,16.0,1,168.75
רמת גן,נחלת גנים,1.5,4750.0,42.0,1,113.0952380952381
רמת גן,נחלת גנים,2.0,4671.0,45.8,5,101.98689956331879
רמת גן,נחלת גנים,2.5,4833.333333333333,60.666666666666664,3,79.67032967032966
רמת גן,נחלת גנים,3.0,5866.666666666667,73.16666666666667,6,80.18223234624146
רמת גן,נחלת גנים,4.0,8075.0,111.75,4,72.25950782997762
רמת גן,עליות,2.0,4710.0,53.9,10,87.38404452690168
רמת גן,עליות,2.5,4450.0,60.333333333333336,6,73.75690607734806
רמת גן,עליות,3.0,4977.777777777777,71.55555555555556,9,69.56521739130434
רמת גן,עליות,3.5,7200.0,90.0,1,80.0
רמת גן,עליות,4.0,6300.0,108.33333333333333,3,58.15384615384615
רמת גן,עליות,5.0,7150.0,122.5,2,58.36734693877551
רמת גן,קרית בורוכוב,2.0,4300.0,43.5,2,98.85057471264368
רמת גן,קרית בורוכוב,3.0,4800.0,87.5,2,54.857142857142854
רמת גן,קרית קריניצי,1.0,2900.0,15.0,1,193.33333333333334
רמת גן,קרית קריניצי,5.0,8700.0,131.8,5,66.00910470409711
רמת גן,קרית קריניצי,6.0,9000.0,157.5,2,57.142857142857146
רמת גן,רמת אפעל,1.0,3500.0,38.0,1,92.10526315789474
רמת גן,רמת אפעל,4.0,7500.0,108.0,1,69.44444444444444
רמת גן,רמת אפעל,5.0,8500.0,135.0,1,62.96296296296296
רמת גן,רמת חן,3.0,6450.0,82.5,2,78.18181818181819
רמת גן,רמת חן,4.0,8000.0,96.66666666666667,3,82.75862068965517
רמת גן,רמת חן,5.0,10500.0,150.0,1,70.0
רמת גן,רמת עמידר,1.0,2930.0,23.2,5,126.29310344827587
רמת גן,רמת עמידר,1.5,3150.0,27.5,2,114.54545454545455
רמת גן,רמת עמידר,2.0,4143.75,49.375,8,83.92405063291139
רמת גן,רמת עמידר,2.5,4350.0,50.0,2,87.0
רמת גן,רמת עמידר,3.0,4260.0,68.0,5,62.64705882352941
רמת גן,רמת עמידר,3.5,563475.0,80.75,4,6978.0185758513935
רמת גן,רמת עמידר,4.0,4966.666666666667,125.0,6,39.733333333333334
רמת גן,רמת עמידר,4.5,299.0,100.0,1,2.99
רמת גן,רמת עמידר,5.5,7200.0,120.0,1,60.0
רמת גן,שיכון צנחנים,3.0,8250.0,80.0,2,103.125
רמת גן,"שכונת בן גוריון, מרכז העיר ג'",1.0,2749.75,42.5,4,64.7
רמת גן,"שכונת בן גוריון, מרכז העיר ג'",2.0,4141.666666666667,41.666666666666664,12,99.40000000000002
רמת גן,"שכונת בן גוריון, מרכז העיר ג'",2.5,5075.0,69.66666666666667,6,72.8468899521531
רמת גן,"שכונת בן גוריון, מרכז העיר ג'",3.0,5388.461538461538,83.07692307692308,13,64.8611111111111
רמת גן,"שכונת בן גוריון, מרכז העיר ג'",3.5,6140.0,87.2,5,70.41284403669725
רמת גן,"שכונת בן גוריון, מרכז העיר ג'",4.0,7425.0,108.8125,16,68.23664560597358
רמת גן,"שכונת בן גוריון, מרכז העיר ג'",5.0,8175.0,116.5,4,70.1716738197425
רמת גן,"שכונת בן גוריון, מרכז העיר ג'",6.5,9900.0,220.0,1,45.0
רמת גן,שכונת גפן,1.0,2828.5714285714284,17.857142857142858,7,158.39999999999998
רמת גן,שכונת גפן,1.5,5000.0,30.0,1,166.66666666666666
רמת גן,שכונת גפן,2.0,4366.333333333333,51.666666666666664,3,84.50967741935483
רמת גן,שכונת גפן,2.5,5631.25,68.5,8,82.2080291970803
רמת גן,שכונת גפן,3.0,6085.714285714285,70.57142857142857,7,86.23481781376518
רמת גן,שכונת גפן,3.5,6233.333333333333,96.66666666666667,3,64.48275862068965
רמת גן,שכונת גפן,4.0,7942.857142857143,110.0,7,72.20779220779221
רמת גן,שכונת גפן,4.5,8200.0,101.0,1,81.18811881188118
רמת גן,שכונת הותיקים,1.0,2350.0,75.0,2,31.333333333333332
רמת גן,שכונת הותיקים,2.0,5104.0,50.0,1,102.08
רמת גן,שכונת הותיקים,3.0,5750.0,75.0,1,76.66666666666667
רמת גן,שכונת הותיקים,4.0,9750.0,113.5,4,85.90308370044053
רמת גן,שכונת הותיקים,5.0,10800.0,126.0,1,85.71428571428571
רמת גן,שכונת הלל,1.0,3200.0,30.0,1,106.66666666666667
רמת גן,שכונת הלל,2.0,3720.0,52.6,5,70.72243346007605
רמת גן,שכונת הלל,3.0,5173.076923076923,72.6923076923077,13,71.16402116402116
רמת גן,שכונת הלל,3.5,5250.0,90.0,1,58.333333333333336
רמת גן,שכונת הלל,4.0,6260.0,108.0,5,57.96296296296296
רמת גן,שכונת הראשונים,1.0,3162.5,45.0,4,70.27777777777777
רמת גן,שכונת הראשונים,2.0,5987.5,68.75,4,87.0909090909091
רמת גן,שכונת הראשונים,2.5,5400.0,61.6,7,87.66233766233766
רמת גן,שכונת הראשונים,3.0,7087.5,80.5,8,88.04347826086956
רמת גן,שכונת הראשונים,3.5,5125.0,100.25,4,51.12219451371571
רמת גן,שכונת הראשונים,4.0,8488.095238095239,149.42857142857142,21,56.80369662205227
רמת גן,שכונת הראשונים,4.5,8866.666666666666,125.33333333333333,3,70.74468085106383
רמת גן,שכונת הראשונים,5.0,10475.0,139.5,6,75.08960573476702
רמת גן,שכונת הראשונים,6.0,11200.0,167.0,1,67.06586826347305
רמת גן,"שכונת חשמונאים, מרכז העיר א",1.0,3275.0,44.5,2,73.59550561797752
רמת גן,"שכונת חשמונאים, מרכז העיר א",1.5,4050.0,42.5,2,95.29411764705883
רמת גן,"שכונת חשמונאים, מרכז העיר א",2.5,5416.666666666667,80.0,3,67.70833333333334
רמת גן,"שכונת חשמונאים, מרכז העיר א",3.0,5455.0,81.5,10,66.93251533742331
רמת גן,"שכונת חשמונאים, מרכז העיר א",3.5,6880.0,91.4,5,75.27352297592998
רמת גן,"שכונת חשמונאים, מרכז העיר א",4.0,6627.777777777777,112.66666666666667,9,58.82642998027613
רמת גן,"שכונת חשמונאים, מרכז העיר א",5.0,8550.0,121.66666666666667,3,70.27397260273972
רמת גן,"שכונת יהלום, מרכז העיר ב",1.0,2975.0,25.25,4,117.82178217821782
רמת גן,"שכונת יהלום, מרכז העיר ב",1.5,3450.0,34.0,2,101.47058823529412
רמת גן,"שכונת יהלום, מרכז העיר ב",2.0,4700.0,56.714285714285715,7,82.87153652392946
רמת גן,"שכונת יהלום, מרכז העיר ב",2.5,5800.0,80.0,1,72.5
רמת גן,"שכונת יהלום, מרכז העיר ב",3.0,5815.384615384615,84.15384615384616,13,69.10420475319926
רמת גן,"שכונת יהלום, מרכז העיר ב",3.5,6666.666666666667,105.66666666666667,3,63.09148264984227
רמת גן,"שכונת יהלום, מרכז העיר ב",4.0,6893.75,104.875,8,65.73301549463648
רמת גן,"שכונת יהלום, מרכז העיר ב",4.5,6900.0,115.0,1,60.0
רמת גן,"שכונת יהלום, מרכז העיר ב",5.0,9200.0,118.0,1,77.96610169491525
רמת גן,"שכונת יהלום, מרכז העיר ב",5.5,4750.0,133.0,2,35.714285714285715
רמת גן,תל בנימין,1.0,2750.0,200.0,1,13.75
רמת גן,תל בנימין,2.0,4320.0,45.0,1,96.0
רמת גן,תל בנימין,3.0,5500.0,1.0,1,5500.0
רמת גן,תל בנימין,3.5,5600.0,80.0,1,70.0
רמת גן,תל בנימין,4.0,8000.0,120.0,4,66.66666666666667
רמת גן,תל בנימין,5.0,8200.0,139.5,4,58.78136200716846
רמת גן,תל גנים,4.5,8000.0,110.0,1,72.72727272727273
רמת גן,תל יהודה,1.0,2675.0,25.0,2,107.0
רמת גן,תל יהודה,2.0,4150.0,42.5,4,97.6470588235294
רמת גן,תל יהודה,2.5,5200.0,64.0,1,81.25
רמת גן,תל יהודה,3.0,5785.0,77.6,10,74.54896907216495
רמת גן,תל יהודה,4.0,6966.666666666667,109.33333333333333,6,63.71951219512196
רמת גן,תל יהודה,5.0,6900.0,112.5,2,61.333333333333336
תל אביב יפו,אורות,2.0,5812.5,53.5,4,108.64485981308411
תל אביב יפו,אורות,2.5,7000.0,69.0,1,101.44927536231884
תל אביב יפו,אורות,3.0,7750.0,84.0,3,92.26190476190476
תל אביב יפו,אורות,3.5,8000.0,83.0,1,96.3855421686747
תל אביב יפו,אורות,4.0,11000.0,110.0,1,100.0
תל אביב יפו,אורות,5.0,12000.0,129.0,1,93.02325581395348
תל אביב יפו,"אזורי חן, גימל החדשה",3.0,9250.0,71.25,4,129.82456140350877
תל אביב יפו,"אזורי חן, גימל החדשה",3.5,8950.0,107.5,2,83.25581395348837
תל אביב יפו,"אזורי חן, גימל החדשה",4.0,11028.57142857143,113.35714285714286,14,97.29048519218652
תל אביב יפו,"אזורי חן, גימל החדשה",4.5,11000.0,150.0,1,73.33333333333333
תל אביב יפו,"אזורי חן, גימל החדשה",5.0,11180.0,137.2,5,81.48688046647231
תל אביב יפו,"אזורי חן, גימל החדשה",5.5,23000.0,227.0,1,101.3215859030837
תל אביב יפו,"אזורי חן, גימל החדשה",6.0,18833.333333333332,163.33333333333334,3,115.30612244897958
תל אביב יפו,אפקה,3.0,4833.333333333333,70.33333333333333,3,68.72037914691943
תל אביב יפו,אפקה,4.0,9550.0,102.5,2,93.17073170731707
תל אביב יפו,אפקה,5.0,11666.666666666666,137.66666666666666,3,84.7457627118644
תל אביב יפו,בבלי,2.0,6200.0,45.0,2,137.77777777777777
תל אביב יפו,בבלי,3.0,681409.0909090909,79.27272727272727,11,8595.756880733947
תל אביב יפו,בבלי,3.5,11875.0,105.0,4,113.0952380952381
תל אביב יפו,בבלי,4.0,8880.0,89.6,5,99.10714285714286
תל אביב יפו,בבלי,4.5,21714.285714285714,170.57142857142858,7,127.30318257956448
תל אביב יפו,בבלי,5.0,18200.0,154.0,5,118.18181818181819
תל אביב יפו,ביצרון ורמת ישראל,2.0,4650.0,50.5,2,92.07920792079207
תל אביב יפו,ביצרון ורמת ישראל,2.5,6533.333333333333,63.333333333333336,3,103.1578947368421
תל אביב יפו,ביצרון ורמת ישראל,3.0,6714.285714285715,69.14285714285714,7,97.10743801652893
תל אביב יפו,ביצרון ורמת ישראל,3.5,9512.5,103.75,4,91.6867469879518
תל אביב יפו,ביצרון ורמת ישראל,4.0,12000.0,124.0,1,96.7741935483871
תל אביב יפו,ביצרון ורמת ישראל,5.0,2556500.0,127.5,2,20050.980392156864
תל אביב יפו,"גבעת הרצל, אזור המלאכה יפו",1.0,3834.9,36.6,10,104.77868852459017
תל אביב יפו,"גבעת הרצל, אזור המלאכה יפו",1.5,3262.5,31.25,4,104.4
תל אביב יפו,"גבעת הרצל, אזור המלאכה יפו",2.0,4950.0,51.142857142857146,7,96.78770949720669
תל אביב יפו,"גבעת הרצל, אזור המלאכה יפו",2.5,6160.0,63.8,5,96.55172413793103
תל אביב יפו,"גבעת הרצל, אזור המלאכה יפו",3.0,7507.142857142857,62.57142857142857,7,119.9771689497717
תל אביב יפו,"גבעת הרצל, אזור המלאכה יפו",3.5,3400.0,74.0,2,45.945945945945944
תל אביב יפו,"גבעת הרצל, אזור המלאכה יפו",4.0,9800.0,106.0,1,92.45283018867924
תל אביב יפו,גלילות,1.0,5361.111111111111,28.333333333333332,9,189.2156862745098
תל אביב יפו,גלילות,2.0,10230.0,63.75,20,160.47058823529412
תל אביב יפו,גלילות,2.5,8800.0,74.5,2,118.12080536912751
תל אביב יפו,גלילות,3.0,13933.333333333334,100.0,6,139.33333333333334
תל אביב יפו,גלילות,3.5,16166.666666666666,148.33333333333334,3,108.9887640449438
תל אביב יפו,גלילות,4.0,14837.5,140.0,8,105.98214285714286
תל אביב יפו,גלילות,4.5,15125.0,152.5,4,99.18032786885246
תל אביב יפו,גלילות,5.0,14662.5,148.625,8,98.65433137089991
תל אביב יפו,גלילות,6.0,37000.0,330.0,1,112.12121212121212
תל אביב יפו,"גני צהלה, רמות צהלה",2.5,6750.0,62.5,2,108.0
תל אביב יפו,"גני צהלה, רמות צהלה",4.0,8000.0,100.0,1,80.0
תל אביב יפו,"גני צהלה, רמות צהלה",4.5,9000.0,110.0,1,81.81818181818181
תל אביב יפו,"גני צהלה, רמות צהלה",5.0,15435.0,300.0,1,51.45
תל אביב יפו,"גני שרונה, קרית הממשלה",1.5,4600.0,28.0,1,164.28571428571428
תל אביב יפו,"גני שרונה, קרית הממשלה",2.0,7883.333333333333,40.333333333333336,3,195.45454545454544
תל אביב יפו,"גני שרונה, קרית הממשלה",2.5,5700.0,60.0,1,95.0
תל אביב יפו,"גני שרונה, קרית הממשלה",3.0,10912.0,80.2,25,136.05985037406484
תל אביב יפו,"גני שרונה, קרית הממשלה",3.5,8600.0,85.0,1,101.17647058823529
תל אביב יפו,"גני שרונה, קרית הממשלה",4.0,13581.568181818182,111.52272727272727,44,121.7829631139189
תל אביב יפו,"גני שרונה, קרית הממשלה",4.5,4000.0,125.0,2,32.0
תל אביב יפו,"גני שרונה, קרית הממשלה",5.0,14823.529411764706,138.64705882352942,17,106.91557064064489
תל אביב יפו,"גני שרונה, קרית הממשלה",6.0,16300.0,200.0,1,81.5
תל אביב יפו,"הגוש הגדול, רמת אביב החדשה, נופי ים",3.0,11230.0,80.2,10,140.02493765586036
תל אביב יפו,"הגוש הגדול, רמת אביב החדשה, נופי ים",4.0,11403.57142857143,118.82142857142857,28,95.97234746017433
תל אביב יפו,"הגוש הגדול, רמת אביב החדשה, נופי ים",4.5,11850.0,121.25,8,97.73195876288659
תל אביב יפו,"הגוש הגדול, רמת אביב החדשה, נופי ים",5.0,12876.0,137.33333333333334,25,93.75728155339806
תל אביב יפו,"הגוש הגדול, רמת אביב החדשה, נופי ים",5.5,15000.0,150.0,1,100.0
תל אביב יפו,הדר יוסף,1.0,3516.6666666666665,26.666666666666668,3,131.875
תל אביב יפו,הדר יוסף,1.5,3785.714285714286,31.285714285714285,7,121.00456621004567
תל אביב יפו,הדר יוסף,2.0,4866.666666666667,46.666666666666664,3,104.28571428571429
תל אביב יפו,הדר יוסף,2.5,6100.0,62.666666666666664,3,97.3404255319149
תל אביב יפו,הדר יוסף,3.0,5766.666666666667,122.66666666666667,6,47.01086956521739
תל אביב יפו,הדר יוסף,3.5,7200.0,70.0,1,102.85714285714286
תל אביב יפו,הדר יוסף,4.0,7566.666666666667,94.33333333333333,3,80.21201413427562
תל אביב יפו,הדר יוסף,5.0,10500.0,110.0,1,95.45454545454545
תל אביב יפו,המשתלה,2.0,6300.0,48.333333333333336,3,130.3448275862069
תל אביב יפו,המשתלה,4.0,10621.42857142857,106.85714285714286,7,99.39839572192513
תל אביב יפו,המשתלה,5.0,14500.0,140.0,1,103.57142857142857
תל אביב יפו,הצפון החדש - דרום,1.0,3766.6666666666665,20.0,3,188.33333333333331
תל אביב יפו,הצפון החדש - דרום,1.5,4666.666666666667,32.333333333333336,3,144.3298969072165
תל אביב יפו,הצפון החדש - דרום,2.0,6644.444444444444,58.333333333333336,9,113.9047619047619
תל אביב יפו,הצפון החדש - דרום,2.5,6773.75,71.5,8,94.73776223776224
תל אביב יפו,הצפון החדש - דרום,3.0,9668.75,84.59375,32,114.29626893239748
תל אביב יפו,הצפון החדש - דרום,3.5,12558.333333333334,104.66666666666667,12,119.98407643312102
תל אביב יפו,הצפון החדש - דרום,4.0,11449.961538461539,108.1923076923077,26,105.82971916103804
תל אביב יפו,הצפון החדש - דרום,4.5,12500.0,113.33333333333333,3,110.29411764705883
תל אביב יפו,הצפון החדש - דרום,5.0,10450.0,115.0,2,90.8695652173913
תל אביב יפו,הצפון החדש - דרום,5.5,23000.0,254.0,1,90.55118110236221
תל אביב יפו,הצפון החדש - כיכר המדינה,1.0,3250.0,22.333333333333332,3,145.5223880597015
תל אביב יפו,הצפון החדש - כיכר המדינה,1.5,4000.0,35.0,1,114.28571428571429
תל אביב יפו,הצפון החדש - כיכר המדינה,2.0,6788.461538461538,60.15384615384615,13,112.85166240409207
תל אביב יפו,הצפון החדש - כיכר המדינה,2.5,8177.142857142857,83.28571428571429,7,98.18181818181817
תל אביב יפו,הצפון החדש - כיכר המדינה,3.0,10072.826086956522,88.69565217391305,46,113.56617647058823
תל אביב יפו,הצפון החדש - כיכר המדינה,3.5,10936.25,99.625,8,109.77415307402761
תל אביב יפו,הצפון החדש - כיכר המדינה,4.0,14349.935483870968,121.35483870967742,31,118.24774056353003
תל אביב יפו,הצפון החדש - כיכר המדינה,4.5,20222.222222222223,165.55555555555554,9,122.14765100671143
תל אביב יפו,הצפון החדש - כיכר המדינה,5.0,15790.0,167.8,5,94.10011918951132
תל אביב יפו,הצפון החדש - כיכר המדינה,5.5,28000.0,193.0,2,145.0777202072539
תל אביב יפו,הצפון החדש - צפון,1.0,3700.0,25.0,1,148.0
תל אביב יפו,הצפון החדש - צפון,2.0,6598.571428571428,58.0,7,113.76847290640394
תל אביב יפו,הצפון החדש - צפון,2.5,7159.375,70.9375,16,100.9251101321586
תל אביב יפו,הצפון החדש - צפון,3.0,7878.9473684210525,87.36842105263158,19,90.18072289156626
תל אביב יפו,הצפון החדש - צפון,3.5,7200.0,93.8,5,76.7590618336887
תל אביב יפו,הצפון החדש - צפון,4.0,8545.0,95.75,4,89.24281984334203
תל אביב יפו,הצפון החדש - צפון,5.0,12260.0,109.6,5,111.86131386861314
תל אביב יפו,הצפון החדש - צפון,6.0,12000.0,110.0,1,109.0909090909091
תל אביב יפו,הצפון הישן - דרום,1.0,4025.0,28.6,26,140.73426573426573
תל אביב יפו,הצפון הישן - דרום,1.5,5014.285714285715,43.57142857142857,7,115.08196721311477
תל אביב יפו,הצפון הישן - דרום,2.0,6369.583333333333,55.291666666666664,24,115.19969856819894
תל אביב יפו,הצפון הישן - דרום,2.5,7439.0625,66.625,16,111.65572232645404
תל אביב יפו,הצפון הישן - דרום,3.0,10159.80357142857,87.08928571428571,56,116.65962681976625
תל אביב יפו,הצפון הישן - דרום,3.5,9862.5,87.5,8,112.71428571428571
תל אביב יפו,הצפון הישן - דרום,4.0,16061.538461538461,111.26923076923077,26,144.34842723816107
תל אביב יפו,הצפון הישן - דרום,4.5,11000.0,92.5,2,118.91891891891892
תל אביב יפו,הצפון הישן - דרום,5.0,15160.0,125.8,5,120.50874403815581
תל אביב יפו,הצפון הישן - דרום,5.5,16400.0,120.0,1,136.66666666666666
תל אביב יפו,הצפון הישן - דרום,6.0,16900.0,160.0,1,105.625
תל אביב יפו,הצפון הישן - צפון,1.0,3562.5,26.9375,16,132.2505800464037
תל אביב יפו,הצפון הישן - צפון,1.5,5150.0,40.0,2,128.75
תל אביב יפו,הצפון הישן - צפון,2.0,6445.3125,54.46875,32,118.33046471600689
תל אביב יפו,הצפון הישן - צפון,2.5,6888.0,67.76923076923077,26,101.63904653802497
תל אביב יפו,הצפון הישן - צפון,3.0,8834.833333333334,78.5,66,112.54564755838642
תל אביב יפו,הצפון הישן - צפון,3.5,7910.0,80.4,5,98.38308457711442
תל אביב יפו,הצפון הישן - צפון,4.0,12436.892857142857,126.21428571428571,28,98.53791737408037
תל אביב יפו,הצפון הישן - צפון,4.5,17200.0,99.66666666666667,3,172.5752508361204
תל אביב יפו,הצפון הישן - צפון,5.0,17666.666666666668,149.33333333333334,3,118.30357142857143
תל אביב יפו,הצפון הישן - צפון,5.5,27000.0,225.0,1,120.0
תל אביב יפו,הצפון הישן - צפון,7.0,55000.0,220.0,1,250.0
תל אביב יפו,"התקוה, בית יעקב, נווה צה""ל",1.0,2900.0,32.38461538461539,13,89.54869358669833
תל אביב יפו,"התקוה, בית יעקב, נווה צה""ל",1.5,3568.75,35.625,8,100.17543859649123
תל אביב יפו,"התקוה, בית יעקב, נווה צה""ל",2.0,3668.6046511627906,45.170731707317074,43,81.21640966397106
תל אביב יפו,"התקוה, בית יעקב, נווה צה""ל",2.5,4487.5,59.75,8,75.10460251046025
תל אביב יפו,"התקוה, בית יעקב, נווה צה""ל",3.0,5162.888888888889,70.92592592592592,27,72.79268929503917
תל אביב יפו,"התקוה, בית יעקב, נווה צה""ל",3.5,5000.0,79.66666666666667,3,62.76150627615063
תל אביב יפו,"התקוה, בית יעקב, נווה צה""ל",4.0,6328.571428571428,90.0,7,70.31746031746032
תל אביב יפו,"התקוה, בית יעקב, נווה צה""ל",5.0,7800.0,140.0,1,55.714285714285715
תל אביב יפו,יד אליהו,1.0,3487.5,71.25,4,48.94736842105263
תל אביב יפו,יד אליהו,1.5,3500.0,35.0,1,100.0
תל אביב יפו,יד אליהו,2.0,3764.285714285714,49.642857142857146,14,75.8273381294964
תל אביב יפו,יד אליהו,2.5,4830.0,62.0,5,77.90322580645162
תל אביב יפו,יד אליהו,3.0,5353.571428571428,75.92857142857143,14,70.5079962370649
תל אביב יפו,יד אליהו,4.0,6556.666666666667,97.06666666666666,15,67.54807692307693
תל אביב יפו,יד אליהו,4.5,6650.0,55.5,2,119.81981981981981
תל אביב יפו,יד אליהו,5.0,3500.0,116.5,3,30.042918454935624
תל אביב יפו,"יפו ד', גבעת התמרים",2.0,3940.0,51.0,5,77.25490196078431
תל אביב יפו,"יפו ד', גבעת התמרים",2.5,4025.0,51.666666666666664,6,77.90322580645162
תל אביב יפו,"יפו ד', גבעת התמרים",3.0,4615.263157894737,65.73684210526316,19,70.20816653322657
תל אביב יפו,"יפו ד', גבעת התמרים",3.5,4883.333333333333,70.66666666666667,3,69.10377358490565
תל אביב יפו,"יפו ד', גבעת התמרים",4.0,5725.0,89.0,4,64.32584269662921
תל אביב יפו,יפו העתיקה,1.0,8900.0,40.0,1,222.5
תל אביב יפו,יפו העתיקה,2.0,6900.0,56.0,2,123.21428571428571
תל אביב יפו,יפו העתיקה,2.5,9400.0,50.0,1,188.0
תל אביב יפו,יפו העתיקה,3.0,10000.0,120.0,1,83.33333333333333
תל אביב יפו,יפו העתיקה,3.5,14833.333333333334,170.0,3,87.25490196078432
תל אביב יפו,יפו העתיקה,4.0,14000.0,140.0,1,100.0
תל אביב יפו,יפו העתיקה,5.0,10500.0,165.0,1,63.63636363636363
תל אביב יפו,כוכב הצפון,3.0,11028.57142857143,99.57142857142857,7,110.76040172166428
תל אביב יפו,כוכב הצפון,4.0,15000.0,112.0,9,133.92857142857142
תל אביב יפו,כוכב הצפון,4.5,19125.0,147.91666666666666,12,129.29577464788733
תל אביב יפו,כוכב הצפון,5.0,16045.454545454546,137.27272727272728,11,116.88741721854305
תל אביב יפו,כוכב הצפון,5.5,17000.0,140.0,1,121.42857142857143
תל אביב יפו,כוכב הצפון,6.0,20000.0,156.0,1,128.2051282051282
תל אביב יפו,"כפיר, נווה כפיר",2.0,2800.0,35.0,1,80.0
תל אביב יפו,"כפיר, נווה כפיר",3.0,4783.333333333333,68.33333333333333,3,70.0
תל אביב יפו,"כפיר, נווה כפיר",4.0,7350.0,111.0,1,66.21621621621621
תל אביב יפו,כרם התימנים,1.0,3080.0,23.857142857142858,7,129.10179640718562
תל אביב יפו,כרם התימנים,1.5,2300.0,33.5,2,68.65671641791045
תל אביב יפו,כרם התימנים,2.0,8544.117647058823,55.8235294117647,17,153.05584826132772
תל אביב יפו,כרם התימנים,2.5,11266.666666666666,60.0,3,187.77777777777777
תל אביב יפו,כרם התימנים,3.0,13302.279069767443,85.65116279069767,43,155.30762964974207
תל אביב יפו,כרם התימנים,4.0,22786.666666666668,151.0,15,150.90507726269317
תל אביב יפו,כרם התימנים,4.5,9700.0,115.0,2,84.34782608695652
תל אביב יפו,כרם התימנים,5.0,55000.0,353.3333333333333,3,155.66037735849056
תל אביב יפו,"לב תל אביב, לב העיר צפון",1.0,3931.818181818182,33.904761904761905,22,115.96654749744637
תל אביב יפו,"לב תל אביב, לב העיר צפון",1.5,4600.0,25.0,3,184.0
תל אביב יפו,"לב תל אביב, לב העיר צפון",2.0,7595.0,51.88095238095238,42,146.39284075263882
תל אביב יפו,"לב תל אביב, לב העיר צפון",2.5,6666.666666666667,59.833333333333336,6,111.42061281337047
תל אביב יפו,"לב תל אביב, לב העיר צפון",3.0,11787.015625,81.5,64,144.62595858895705
תל אביב יפו,"לב תל אביב, לב העיר צפון",3.5,12137.5,97.0,8,125.12886597938144
תל אביב יפו,"לב תל אביב, לב העיר צפון",4.0,14329.545454545454,123.31818181818181,22,116.19977884260966
תל אביב יפו,"לב תל אביב, לב העיר צפון",4.5,22646.666666666668,132.0,3,171.56565656565658
תל אביב יפו,"לב תל אביב, לב העיר צפון",5.0,14425.0,154.16666666666666,6,93.56756756756758
תל אביב יפו,"לב תל אביב, לב העיר צפון",6.0,13200.0,120.0,1,110.0
תל אביב יפו,לבנה,1.5,4400.0,35.0,1,125.71428571428571
תל אביב יפו,לבנה,2.0,3600.0,40.0,1,90.0
תל אביב יפו,לבנה,3.0,4916.666666666667,71.66666666666667,9,68.6046511627907
תל אביב יפו,לבנה,3.5,5500.0,70.0,1,78.57142857142857
תל אביב יפו,לבנה,4.0,2300.0,100.0,1,23.0
תל אביב יפו,לבנה,4.5,5900.0,90.0,1,65.55555555555556
תל אביב יפו,לבנה,5.0,6900.0,108.5,2,63.59447004608295
תל אביב יפו,"מונטיפיורי, הרכבת",1.0,3550.0,36.5,10,97.26027397260275
תל אביב יפו,"מונטיפיורי, הרכבת",1.5,4200.0,33.333333333333336,3,125.99999999999999
תל אביב יפו,"מונטיפיורי, הרכבת",2.0,6766.95652173913,58.608695652173914,23,115.45994065281899
תל אביב יפו,"מונטיפיורי, הרכבת",2.5,8850.0,81.0,2,109.25925925925925
תל אביב יפו,"מונטיפיורי, הרכבת",3.0,9232.073170731708,83.29268292682927,41,110.8389458272328
תל אביב יפו,"מונטיפיורי, הרכבת",3.5,9000.0,90.0,1,100.0
תל אביב יפו,"מונטיפיורי, הרכבת",4.0,10683.333333333334,107.73333333333333,15,99.16460396039605
תל אביב יפו,"מונטיפיורי, הרכבת",5.0,15420.0,175.8,5,87.71331058020478
תל אביב יפו,"מונטיפיורי, הרכבת",6.0,12000.0,126.0,1,95.23809523809524
תל אביב יפו,"מכללת תל אביב יפו, דקר",1.0,2850.0,31.0,5,91.93548387096774
תל אביב יפו,"מכללת תל אביב יפו, דקר",2.5,4650.0,52.5,2,88.57142857142857
תל אביב יפו,"מכללת תל אביב יפו, דקר",3.0,6019.2307692307695,75.07692307692308,13,80.17418032786885
תל אביב יפו,"מכללת תל אביב יפו, דקר",3.5,7800.0,103.0,2,75.72815533980582
תל אביב יפו,"מכללת תל אביב יפו, דקר",4.0,7135.714285714285,106.14285714285714,7,67.22745625841185
תל אביב יפו,"מכללת תל אביב יפו, דקר",8.0,31500.0,250.0,1,126.0
תל אביב יפו,מעוז אביב,3.0,5000.0,55.0,1,90.9090909090909
תל אביב יפו,נאות אפקה א',3.0,6000.0,50.0,1,120.0
תל אביב יפו,נאות אפקה א',3.5,9200.0,96.0,1,95.83333333333333
תל אביב יפו,נאות אפקה א',4.0,5100.0,87.5,2,58.285714285714285
תל אביב יפו,נאות אפקה א',5.0,1800.0,9.0,1,200.0
תל אביב יפו,נאות אפקה ב',3.5,9725.0,104.0,2,93.50961538461539
תל אביב יפו,נאות אפקה ב',4.0,6620.0,95.0,10,69.6842105263158
תל אביב יפו,נאות אפקה ב',4.5,9566.666666666666,106.66666666666667,3,89.68749999999999
תל אביב יפו,נאות אפקה ב',5.0,8075.0,123.75,4,65.25252525252525
תל אביב יפו,נווה אביבים,1.0,4650.0,26.0,1,178.84615384615384
תל אביב יפו,נווה אביבים,2.0,6800.0,65.0,1,104.61538461538461
תל אביב יפו,נווה אביבים,3.0,9223.076923076924,88.3076923076923,13,104.4425087108014
תל אביב יפו,נווה אביבים,3.5,8175.0,87.5,4,93.42857142857143
תל אביב יפו,נווה אביבים,4.0,10259.318181818182,102.63636363636364,22,99.95792736935341
תל אביב יפו,נווה אביבים,4.5,11450.0,127.5,10,89.80392156862744
תל אביב יפו,נווה אביבים,5.0,11760.285714285714,142.5,14,82.52832080200501
תל אביב יפו,נווה אביבים,7.0,11000.0,130.0,1,84.61538461538461
תל אביב יפו,נווה אליעזר וכפר שלם מזרח,1.0,3200.0,40.0,1,80.0
תל אביב יפו,נווה אליעזר וכפר שלם מזרח,1.5,2475.0,55.0,2,45.0
תל אביב יפו,נווה אליעזר וכפר שלם מזרח,2.0,3200.0,32.0,1,100.0
תל אביב יפו,נווה אליעזר וכפר שלם מזרח,2.5,4540.0,63.0,2,72.06349206349206
תל אביב יפו,נווה אליעזר וכפר שלם מזרח,3.0,4853.846153846154,69.0,13,70.34559643255297
תל אביב יפו,נווה אליעזר וכפר שלם מזרח,3.5,5000.0,84.0,1,59.523809523809526
תל אביב יפו,נווה אליעזר וכפר שלם מזרח,4.0,5433.333333333333,89.22222222222223,9,60.896637608966365
תל אביב יפו,נווה אליעזר וכפר שלם מזרח,5.0,8400.0,143.0,1,58.74125874125874
תל אביב יפו,"נווה ברבור, כפר שלם מערב",1.5,2500.0,26.0,2,96.15384615384616
תל אביב יפו,"נווה ברבור, כפר שלם מערב",2.0,3550.0,32.5,2,109.23076923076923
תל אביב יפו,"נווה ברבור, כפר שלם מערב",2.5,4500.0,70.0,1,64.28571428571429
תל אביב יפו,"נווה ברבור, כפר שלם מערב",4.0,5940.0,92.0,5,64.56521739130434
תל אביב יפו,"נווה ברבור, כפר שלם מערב",4.5,6350.0,100.0,2,63.5
תל אביב יפו,"נווה גולן, יפו ג'",1.0,3000.0,25.0,2,120.0
תל אביב יפו,"נווה גולן, יפו ג'",2.0,4116.666666666667,57.5,6,71.59420289855073
תל אביב יפו,"נווה גולן, יפו ג'",3.0,4565.909090909091,72.63636363636364,22,62.85982478097622
תל אביב יפו,"נווה גולן, יפו ג'",3.5,4950.0,74.5,8,66.44295302013423
תל אביב יפו,"נווה גולן, יפו ג'",4.0,3200.0,90.0,1,35.55555555555556
תל אביב יפו,"נווה גולן, יפו ג'",5.0,7500.0,100.0,1,75.0
תל אביב יפו,נווה חן,1.0,3500.0,35.0,1,100.0
תל אביב יפו,נווה חן,2.0,4100.0,60.0,1,68.33333333333333
תל אביב יפו,נווה חן,2.5,4000.0,65.0,1,61.53846153846154
תל אביב יפו,נווה חן,3.0,5081.263157894737,74.84210526315789,19,67.8931082981716
תל אביב יפו,נווה חן,3.5,5514.285714285715,84.71428571428571,7,65.09274873524453
תל אביב יפו,נווה חן,4.0,5914.214285714285,91.28571428571429,14,64.78794992175273
תל אביב יפו,נווה חן,4.5,2500.0,100.0,1,25.0
תל אביב יפו,נווה חן,5.0,8100.0,133.25,4,60.78799249530957
תל אביב יפו,"נווה עופר, תל כביר",2.0,4458.333333333333,49.0,6,90.98639455782312
תל אביב יפו,"נווה עופר, תל כביר",3.0,4934.206896551724,71.20689655172414,29,69.29394673123485
תל אביב יפו,"נווה עופר, תל כביר",3.5,5616.666666666667,75.5,6,74.39293598233996
תל אביב יפו,"נווה עופר, תל כביר",4.0,6337.214285714285,89.84615384615384,14,70.53406311154599
תל אביב יפו,"נווה עופר, תל כביר",4.5,5400.0,77.0,1,70.12987012987013
תל אביב יפו,"נווה עופר, תל כביר",5.0,10000.0,131.0,2,76.33587786259542
תל אביב יפו,"נווה עופר, תל כביר",9.0,25000.0,180.0,1,138.88888888888889
תל אביב יפו,"נווה עופר, תל כביר",10.0,1400.0,100.0,1,14.0
תל אביב יפו,נווה צדק,1.0,4400.0,30.0,2,146.66666666666666
תל אביב יפו,נווה צדק,1.5,7566.666666666667,44.333333333333336,3,170.6766917293233
תל אביב יפו,נווה צדק,2.0,7575.0,53.8,10,140.7992565055762
תל אביב יפו,נווה צדק,2.5,6500.0,140.0,1,46.42857142857143
תל אביב יפו,נווה צדק,3.0,12939.23076923077,90.0,13,143.76923076923077
תל אביב יפו,נווה צדק,3.5,13766.666666666666,108.33333333333333,3,127.07692307692308
תל אביב יפו,נווה צדק,4.0,25142.85714285714,137.28571428571428,7,183.14255983350677
תל אביב יפו,נווה צדק,4.5,18000.0,140.0,1,128.57142857142858
תל אביב יפו,נווה צדק,5.0,29400.0,206.6,5,142.30396902226525
תל אביב יפו,נווה צדק,5.5,17000.0,150.0,1,113.33333333333333
תל אביב יפו,נווה שאנן,1.0,2875.0,24.333333333333332,6,118.15068493150686
תל אביב יפו,נווה שאנן,1.5,3250.0,22.5,2,144.44444444444446
תל אביב יפו,נווה שאנן,2.0,5045.0,52.8,30,95.54924242424244
תל אביב יפו,נווה שאנן,2.5,5121.428571428572,64.85714285714286,7,78.9647577092511
תל אביב יפו,נווה שאנן,3.0,6350.0625,68.6875,32,92.44858962693358
תל אביב יפו,נווה שאנן,3.5,6900.0,70.0,1,98.57142857142857
תל אביב יפו,נווה שאנן,4.0,5825.0,62.5,4,93.2
תל אביב יפו,נווה שרת,1.5,3366.6666666666665,29.0,3,116.0919540229885
תל אביב יפו,נווה שרת,2.0,3735.714285714286,47.5,7,78.64661654135338
תל אביב יפו,נווה שרת,2.5,4500.0,50.0,2,90.0
תל אביב יפו,נווה שרת,3.0,5683.333333333333,62.5,6,90.93333333333332
תל אביב יפו,נווה שרת,3.5,6700.0,90.0,1,74.44444444444444
תל אביב יפו,נווה שרת,4.0,5518.75,96.0,8,57.486979166666664
תל אביב יפו,נווה שרת,4.5,8500.0,120.0,1,70.83333333333333
תל אביב יפו,נווה שרת,5.0,5350.0,105.5,2,50.71090047393365
תל אביב יפו,נחלת יצחק,1.0,3500.0,20.5,2,170.73170731707316
תל אביב יפו,נחלת יצחק,2.5,6800.0,75.0,1,90.66666666666667
תל אביב יפו,נחלת יצחק,3.0,6600.0,78.125,8,84.48
תל אביב יפו,נחלת יצחק,3.5,7800.0,90.0,1,86.66666666666667
תל אביב יפו,נחלת יצחק,4.0,8638.888888888889,107.0,9,80.73727933541018
תל אביב יפו,נחלת יצחק,4.5,10750.0,113.5,2,94.7136563876652
תל אביב יפו,ניר אביב,3.0,5466.666666666667,71.0,9,76.99530516431925
תל אביב יפו,ניר אביב,3.5,5800.0,85.0,1,68.23529411764706
תל אביב יפו,ניר אביב,4.0,5959.0,95.81818181818181,11,62.19070208728653
תל אביב יפו,נמל תל אביב,1.5,4800.0,35.0,1,137.14285714285714
תל אביב יפו,"עג'מי, גבעת העליה",1.0,4900.0,35.0,1,140.0
תל אביב יפו,"עג'מי, גבעת העליה",1.5,4000.0,65.0,1,61.53846153846154
תל אביב יפו,"עג'מי, גבעת העליה",2.0,4750.0,59.5,2,79.83193277310924
תל אביב יפו,"עג'מי, גבעת העליה",2.5,6000.0,98.0,2,61.224489795918366
תל אביב יפו,"עג'מי, גבעת העליה",3.0,7500.0,86.25,8,86.95652173913044
תל אביב יפו,"עג'מי, גבעת העליה",3.5,18550.0,175.0,2,106.0
תל אביב יפו,"עג'מי, גבעת העליה",4.0,13959.0,124.0,10,112.5725806451613
תל אביב יפו,"עג'מי, גבעת העליה",5.0,14833.333333333334,215.0,3,68.9922480620155
תל אביב יפו,"עזרא, הארגזים",1.0,3200.0,35.0,1,91.42857142857143
תל אביב יפו,"עזרא, הארגזים",1.5,3200.0,25.0,1,128.0
תל אביב יפו,"עזרא, הארגזים",2.0,3837.5,43.25,4,88.72832369942196
תל אביב יפו,"עזרא, הארגזים",2.5,4800.0,6.0,1,800.0
תל אביב יפו,"עזרא, הארגזים",3.0,3550.0,72.5,4,48.96551724137931
תל אביב יפו,"עזרא, הארגזים",3.5,5800.0,70.0,1,82.85714285714286
תל אביב יפו,"עזרא, הארגזים",4.0,6887.5,111.25,8,61.91011235955056
תל אביב יפו,"עתידים, אזור התעסוקה רמת החייל",4.0,5500.0,110.0,1,50.0
תל אביב יפו,פארק דרום,2.0,3890.0,90.0,1,43.22222222222222
תל אביב יפו,פארק דרום,3.0,4790.0,110.0,1,43.54545454545455
תל אביב יפו,פלורנטין,1.0,4043.181818181818,31.318181818181817,22,129.100145137881
תל אביב יפו,פלורנטין,1.5,4116.666666666667,36.44444444444444,9,112.95731707317074
תל אביב יפו,פלורנטין,2.0,5793.0,52.327586206896555,58,110.70642504118615
תל אביב יפו,פלורנטין,2.5,5433.333333333333,58.166666666666664,12,93.40974212034384
תל אביב יפו,פלורנטין,3.0,7545.263157894737,73.63157894736842,38,102.47319513938527
תל אביב יפו,פלורנטין,3.5,7500.0,90.0,2,83.33333333333333
תל אביב יפו,פלורנטין,4.0,10178.333333333334,115.5,12,88.12409812409813
תל אביב יפו,פלורנטין,5.0,20000.0,165.0,2,121.21212121212122
תל אביב יפו,פלורנטין,6.0,20000.0,780.0,1,25.641025641025642
תל אביב יפו,"צהלון, שיכוני חסכון",1.0,3325.0,250025.25,4,0.013298656835659598
תל אביב יפו,"צהלון, שיכוני חסכון",2.0,5214.285714285715,61.142857142857146,7,85.2803738317757
תל אביב יפו,"צהלון, שיכוני חסכון",2.5,4750.0,72.5,2,65.51724137931035
תל אביב יפו,"צהלון, שיכוני חסכון",3.0,7765.909090909091,83.04545454545455,22,93.51395730706075
תל אביב יפו,"צהלון, שיכוני חסכון",3.5,5600.0,95.0,2,58.94736842105263
תל אביב יפו,"צהלון, שיכוני חסכון",4.0,5833.333333333333,92.33333333333333,3,63.17689530685921
תל אביב יפו,"צהלון, שיכוני חסכון",5.0,9250.0,132.5,2,69.81132075471699
תל אביב יפו,"צמרות איילון, פארק צמרת",2.0,9900.0,70.0,1,141.42857142857142
תל אביב יפו,"צמרות איילון, פארק צמרת",2.5,8896.153846153846,75.38461538461539,13,118.01020408163265
תל אביב יפו,"צמרות איילון, פארק צמרת",3.0,11521.739130434782,101.30434782608695,23,113.73390557939913
תל אביב יפו,"צמרות איילון, פארק צמרת",3.5,14371.875,129.3125,16,111.1406476558724
תל אביב יפו,"צמרות איילון, פארק צמרת",4.0,18778.125,155.5,16,120.7596463022508
תל אביב יפו,"צמרות איילון, פארק צמרת",4.5,20580.0,172.0,5,119.65116279069767
תל אביב יפו,"צמרות איילון, פארק צמרת",5.0,24666.666666666668,193.33333333333334,3,127.58620689655173
תל אביב יפו,"צמרות איילון, פארק צמרת",6.0,38000.0,281.3333333333333,3,135.07109004739337
תל אביב יפו,"צמרות איילון, פארק צמרת",6.5,40000.0,285.0,1,140.35087719298247
תל אביב יפו,"צפון יפו, המושבה האמריקאית-גרמנית",1.0,5000.0,42.166666666666664,6,118.57707509881423
תל אביב יפו,"צפון יפו, המושבה האמריקאית-גרמנית",2.0,6881.666666666667,63.46666666666667,15,108.4296218487395
תל אביב יפו,"צפון יפו, המושבה האמריקאית-גרמנית",2.5,7210.0,74.1,10,97.30094466936573
תל אביב יפו,"צפון יפו, המושבה האמריקאית-גרמנית",3.0,8881.578947368422,82.10526315789474,19,108.17307692307693
תל אביב יפו,"צפון יפו, המושבה האמריקאית-גרמנית",3.5,9137.5,101.75,4,89.8034398034398
תל אביב יפו,"צפון יפו, המושבה האמריקאית-גרמנית",4.0,10295.1,105.2,10,97.86216730038024
תל אביב יפו,"צפון יפו, המושבה האמריקאית-גרמנית",5.0,7650.0,170.0,2,45.0
תל אביב יפו,"צפון יפו, המושבה האמריקאית-גרמנית",6.0,14250.0,225.0,2,63.333333333333336
תל אביב יפו,קרית שלום,1.5,2950.0,30.0,1,98.33333333333333
תל אביב יפו,קרית שלום,2.0,4500.0,46.0,2,97.82608695652173
תל אביב יפו,קרית שלום,2.5,3400.0,52.8,5,64.39393939393939
תל אביב יפו,קרית שלום,3.0,5425.0,75.75,8,71.61716171617162
תל אביב יפו,קרית שלום,3.5,5466.666666666667,91.0,3,60.07326007326008
תל אביב יפו,קרית שלום,4.0,7820.0,100.1,10,78.12187812187813
תל אביב יפו,קרית שלום,6.0,10500.0,125.0,1,84.0
תל אביב יפו,רביבים,4.0,9500.0,136.0,2,69.8529411764706
תל אביב יפו,רביבים,5.0,9650.0,137.5,2,70.18181818181819
תל אביב יפו,רביבים,5.5,9150.0,164.0,2,55.792682926829265
תל אביב יפו,רמת אביב,2.0,5846.666666666667,49.333333333333336,3,118.51351351351352
תל אביב יפו,רמת אביב,2.5,7900.0,60.0,1,131.66666666666666
תל אביב יפו,רמת אביב,3.0,6094.444444444444,71.22222222222223,9,85.56942277691107
תל אביב יפו,רמת אביב,3.5,8500.0,65.0,1,130.76923076923077
תל אביב יפו,רמת אביב,4.0,10683.333333333334,264.25,12,40.42888678650268
תל אביב יפו,רמת אביב,4.5,9500.0,140.0,1,67.85714285714286
תל אביב יפו,רמת אביב,5.0,26000.0,230.0,1,113.04347826086956
תל אביב יפו,רמת אביב ג',2.0,11000.0,146.0,1,75.34246575342466
תל אביב יפו,רמת אביב ג',3.0,8690.454545454546,90.63636363636364,11,95.8826479438315
תל אביב יפו,רמת אביב ג',3.5,7900.0,84.0,1,94.04761904761905
תל אביב יפו,רמת אביב ג',4.0,8870.0,109.1875,32,81.23640526617058
תל אביב יפו,רמת אביב ג',4.5,12237.5,117.75,8,103.92781316348196
תל אביב יפו,רמת אביב ג',5.0,11427.272727272728,126.63636363636364,11,90.23689877961235
תל אביב יפו,רמת אביב ג',5.5,15000.0,140.0,1,107.14285714285714
תל אביב יפו,רמת אביב ג',6.0,12000.0,142.0,1,84.50704225352112
תל אביב יפו,רמת החייל,3.0,9500.0,70.0,1,135.71428571428572
תל אביב יפו,רמת החייל,3.5,7350.0,75.0,2,98.0
תל אביב יפו,רמת הטייסים,2.0,4880.0,45.0,1,108.44444444444444
תל אביב יפו,רמת הטייסים,2.5,5500.0,75.0,1,73.33333333333333
תל אביב יפו,רמת הטייסים,3.0,3721.4285714285716,67.14285714285714,7,55.425531914893625
תל אביב יפו,רמת הטייסים,4.0,6800.0,102.5,2,66.34146341463415
תל אביב יפו,"שיכון דן, נווה דן",2.0,4900.0,100.0,1,49.0
תל אביב יפו,שפירא,1.0,2884.6153846153848,27.0,13,106.83760683760684
תל אביב יפו,שפירא,1.5,3175.0,33.4,10,95.05988023952096
תל אביב יפו,שפירא,2.0,4375.0,48.333333333333336,12,90.51724137931033
תל אביב יפו,שפירא,2.5,4600.0,68.33333333333333,3,67.31707317073172
תל אביב יפו,שפירא,3.0,5387.5,78.125,8,68.96
תל אביב יפו,שפירא,3.5,7000.0,87.5,2,80.0
תל אביב יפו,שפירא,4.0,8100.0,103.57142857142857,7,78.20689655172414
תל אביב יפו,שפירא,5.0,7660.0,102.0,5,75.09803921568627
תל אביב יפו,"תכנית ל', למד",2.0,5950.0,50.0,1,119.0
תל אביב יפו,"תכנית ל', למד",3.0,8700.0,85.0,3,102.3529411764706
תל אביב יפו,"תכנית ל', למד",3.5,8500.0,85.0,1,100.0
תל אביב יפו,"תכנית ל', למד",4.0,10850.4375,119.625,16,90.7037617554859
תל אביב יפו,"תכנית ל', למד",4.5,12000.0,110.0,1,109.0909090909091
תל אביב יפו,"תכנית ל', למד",5.0,10544.0,129.8,25,81.23266563944529
תל אביב יפו,"תכנית ל', למד",6.0,18000.0,190.0,1,94.73684210526316
תל אביב יפו,תל ברוך,2.0,10000.0,70.0,1,142.85714285714286
תל אביב יפו,תל ברוך צפון,2.0,7425.0,73.0,4,101.71232876712328
תל אביב יפו,תל ברוך צפון,3.5,8875.0,90.5,4,98.06629834254143
תל אביב יפו,תל ברוך צפון,4.0,9875.0,107.5,4,91.86046511627907
תל אביב יפו,תל ברוך צפון,5.0,11500.0,140.0,3,82.14285714285714
תל אביב יפו,תל חיים,1.0,2800.0,25.0,1,112.0
תל אביב יפו,תל חיים,2.0,4900.0,40.0,1,122.5
תל אביב יפו,תל חיים,2.5,4900.0,62.5,2,78.4
תל אביב יפו,תל חיים,3.0,5625.0,76.83333333333333,6,73.21041214750542
תל אביב יפו,תל חיים,4.0,7178.75,95.25,8,75.36745406824147
תל אביב יפו,תל חיים,5.0,8650.0,184.0,2,47.01086956521739
